<?xml version="1.0" encoding="UTF-8"?>
<project-private xmlns="http://www.netbeans.org/ns/project-private/1">
    <editor-bookmarks xmlns="http://www.netbeans.org/ns/editor-bookmarks/2" lastBookmarkId="0"/>
    <open-files xmlns="http://www.netbeans.org/ns/projectui-open-files/2">
        <group>
            <file>file:/C:/MAMP/htdocs/weatherApp/application/models/Admin_model.php</file>
            <file>file:/C:/MAMP/htdocs/weatherApp/css/style.css</file>
            <file>file:/C:/MAMP/htdocs/weatherApp/application/views/login.php</file>
            <file>file:/C:/MAMP/htdocs/weatherApp/application/views/search.php</file>
        </group>
    </open-files>
</project-private>
